Workbook
Name dieu_phuluc13: 'HĐLĐ'!$A$112

Sheet DANH SÁCH
B1: CÔNG TY TNHH ĐÀO TẠO VÀ CUNG ỨNG NHÂN LỰC NHẬT TÂN
B2: Số 8 TX01, Phường Thới An, Tp Hồ Chí Minh
B8: STT | C8: Số hợp đồng | D8: Ngày hợp đồng | E8: Danh xưng | F8: Tên | G8: Giới tính | H8: Ngày tháng năm sinh | I8: CCCD/CMND | J8: Ngày Cấp | K8: Nơi cấp | L8: Số Hộ Chiếu | M8: Ngày cấp | N8: SĐT Học Viên | O8: Người thân | P8: Quan hệ | Q8: SĐT Người thân | R8: Ngày đậu PV | S8: Ngày bay dự kiến | T8: Địa chỉ | U8: Nghiệp đoàn | V8: Công ty | W8: Công việc | X8: Địa chỉ công ty | Y8: Giám đốc | Z8: SĐT Cty tiếp nhận | AA8: Mức trợ cấp đào tạo | AB8: Tiền lương | AC8: Thuế | AD8: BHXH | AE8: Tiền thuê nhà | AH8: Ghi Chú | AI8: PT
B9: (1) | C9: (2) | D9: (3) | E9: (4) | F9: (5) | G9: (6) | H9: (7) | I9: (8) | J9: (9) | K9: (10) | L9: (11) | M9: (12) | N9: (13) | O9: (14) | P9: (15) | Q9: (16) | R9: (17) | S9: (18) | T9: (19) | U9: (20) | V9: (21) | W9: (22) | X9: (23) | Y9: (24) | Z9: (25) | AA9: (26) | AB9: (27) | AC9: (28) | AD9: (29) | AE9: (30)
B10: =ROW()-9

Sheet HĐLĐ
K1: Mẫu số 03
A2: CỘNG HÒA XÃ HỘI CHỦ NGHĨA VIỆT NAM Độc Lập- Tự Do- Hạnh Phúc …o0o… | L2: 1
A3: HỢP ĐỒNG ĐƯA NGƯỜI LAO ĐỘNG ĐI LÀM VIỆC Ở NƯỚC NGOÀI
A4: (Ban hành kèm theo Thông tư số 09/2026/TT – BNV ngày 15/05/2026 của Bộ Nội Vụ)
A5: ="Số"&":"& " " & VLOOKUP($L$2,'DANH SÁCH'!$B$8:$AH$70,2,0)
A8: ="Hôm nay, ngày" &" " & DAY('DANH SÁCH'!D10) &" " & "tháng" &" "& MONTH('DANH SÁCH'!D10)& " " & " năm" &" "& YEAR('DANH SÁCH'!D10) &", tại Công Ty TNHH Đào Tạo Và Cung Ứng Nhân Lực Nhật Tân, chúng tôi gồm:"
A10: Bên đưa đi: CÔNG TY TNHH ĐÀO TẠO VÀ CUNG ỨNG NHÂN LỰC NHẬT TÂN (NHATTAN MANPOWER)
A11: - Địa chỉ: Số 8 TX01, Phường Thới An, Tp. Hồ Chí Minh.
A12: - Điện thoại: 028 6274 5444
A13: - E-mail: nhattan@nhattangroup.vn
A14: - Địa chỉ trang thông tin điện tử: nhattangroup.vn
A15: - Người đại diện theo pháp luật của doanh nghiệp: NGUYỄN KHẮC QUANG HUY
A16: - Chức vụ: Giám Đốc
A18: Và
A19: ="-"&" "&VLOOKUP($L$2,'DANH SÁCH'!$B$8:$AH$70,4,0)&" "&VLOOKUP(HĐLĐ!$L$2,'DANH SÁCH'!$B$8:$AH$70,5,0)&" " & "(sau đây gọi là Người lao động)"
A20: - Ngày tháng năm sinh: | D20: =VLOOKUP($L$2,'DANH SÁCH'!$B$8:$AH$70,7,0) | G20: Giới tính: | H20: =VLOOKUP($L$2,'DANH SÁCH'!$B$8:$AH$70,6,0)
A21: - Địa chỉ thường trú: | C21: =VLOOKUP($L$2,'DANH SÁCH'!B8:AH70,19,0)
A22: - Số CCCD/ĐDCN: | C22: =VLOOKUP($L$2,'DANH SÁCH'!$B$8:$AH$70,8,0) | G22: Ngày cấp: | H22: =VLOOKUP($L$2,'DANH SÁCH'!$B$8:$AH$70,9,0)
A23: ="Nơi cấp:"&" "&VLOOKUP($L$2,'DANH SÁCH'!$B$8:$AH$70,10,0)
A24: - Số Hộ chiếu: | B24: =VLOOKUP($L$2,'DANH SÁCH'!B8:AH70,11,0) | E24: Ngày cấp: | F24: =VLOOKUP($L$2,'DANH SÁCH'!$B$8:$AH$70,12,0) | H24: Nơi cấp: Cục Quản Lý Xuất Nhập Cảnh
A25: - Người được báo tin: | D25: =VLOOKUP($L$2,'DANH SÁCH'!$B$8:$AH$70,14,0) | G25: Số điện thoại: | H25: =VLOOKUP($L$2,'DANH SÁCH'!$B$8:$AH$70,16,0)
A26: Mối quan hệ với người lao động: | E26: =VLOOKUP($L$2,'DANH SÁCH'!$B$8:$AH$70,15,0)
A27: - Địa chỉ báo tin tại Việt Nam: | E27: =VLOOKUP($L$2,'DANH SÁCH'!$B$8:$AH$70,19,0)
A28: =" Căn cứ vào Hợp đồng cung ứng lao động ngày 27/06/2024 ký giữa Công Ty TNHH Đào Tạo Và Cung Ứng Nhân Lực Nhật Tân với" &" "& VLOOKUP($L$2,'DANH SÁCH'!$B$8:$AH$70,20,0) &" " &"và thông báo việc người lao động đã trúng tuyển đi làm việc ở nước ngoài ngày" &" "&DAY('DANH SÁCH'!R10)& " "&"tháng"&" "&MONTH('DANH SÁCH'!R10)&" "&"năm"&" "&YEAR('DANH SÁCH'!R10)&"."
A29: Hai Bên thoả thuận và ký kết thực hiện các điều khoản hợp đồng sau đây:
A30: Điều 1: Điều khoản chung
A31: - Thời hạn của hợp đồng lao động: 03 năm 0 tháng 0 ngày ( tính từ ngày người lao động nhập cảnh vào Nhật Bản.)
A32: - Ngành, nghề, công việc : | D32: =VLOOKUP($L$2,'DANH SÁCH'!$B$8:$AH$70,22,0)
A33: - Địa điểm làm việc: | C33: =VLOOKUP($L$2,'DANH SÁCH'!$B$8:$AH$70,23,0)
A34: - Người sử dụng lao động: | D34: =VLOOKUP($L$2,'DANH SÁCH'!$B$8:$AH$70,21,0)
A35: - Đại diện người sử dụng lao động: | E35: =VLOOKUP($L$2,'DANH SÁCH'!$B$8:$AH$70,24,0) | H35: Chức vụ: Giám đốc
A36: - Điện thoại: | B36: =VLOOKUP($L$2,'DANH SÁCH'!$B$8:$AH$70,25,0)
A37: Điều 2: Quyền và nghĩa vụ của người lao động
A38: 2.1.Tham gia đầy đủ khóa học giáo dục định hướng trước khi đi làm việc tại Nhật bản do Bên đưa đi tổ chức; trong thời gian 30 ngày; đảm bảo thời lượng 74 tiết, kiểm tra đạt kết quả và được cấp Giấy chứng nhận hoàn thành khóa học.
A39: 2.2. Tham gia khóa bồi dưỡng kỹ năng nghề do Bên đưa đi tổ chức (nếu có) trong thời gian 30 ngày. Phí bồi dưỡng kỹ năng nghề do Công Ty TNHH Đào Và Cung Ứng Nhân Lực Nhật Tân chi trả.
A40: 2.3. Tham gia khóa đào tạo ngoại ngữ tiếng Nhật do Bên đưa đi tổ chức (nếu có) trong thời gian 180 ngày. Phí đào tạo ngoại ngữ tiếng là 5.900.000 đồng, do người lao động chi trả.
A41: 2.4. Chi phí người lao động phải trả trước khi đi:
A42: - Tiền dịch vụ : | H42: : 40.000.000 VNĐ
A43: + Thời gian nộp (1 lần): Tối thiểu trước xuất cảnh 5 ngày
A44: - Tiền đóng góp Quỹ hỗ trợ việc làm ngoài nước | H44: : 100.000 VNĐ
A45: - Chi phí đi lại từ Việt Nam đến nơi làm việc: | H45: : 0 VNĐ
A46: - Lệ phí cấp hộ chiếu | H46: : 200.000 VNĐ
A47: - Lệ phí cấp thị thực (visa) | H47: : 2.870.000 VNĐ
A48: - Lệ phí lý lịch tư pháp | H48: : 200.000 VNĐ
A49: - Tiền khám sức khỏe | H49: : 7.000.000 VNĐ
A50: - Các chi phí khác:
A51: + Chi phí đi lại trong thời gian đào tạo (6 tháng - 9 tháng) | H51: : 14.630.000 VNĐ
A52: + Mua sắm tư trang, vật dụng | H52: : 20.000.000 VNĐ
A53: + Chi phí đưa đón đến sân bay trước khi bay | H53: : 3.000.000 VNĐ
A54: + Chi phí tiêm ngừa | H54: : 2.000.000 VNĐ
A55: Tổng cộng | H55: : 90.000.000 VNĐ
A56: (Bằng chữ: Chín mươi triệu đồng chẵn./.)
A57: 2.5. Ký kết và thực hiện hợp đồng lao động với người sử dụng lao động.
A58: 2.6. Thời gian thử việc: Không
A59: 2.7. Thời gian đào tạo tại nước tiếp nhận:
A60: - Thời gian đào tạo: trong vòng 01 tháng sau khi nhập cảnh
A61: - Mức lương/trợ cấp đào tạo: | D61: =VLOOKUP($L$2,'DANH SÁCH'!$B$8:$AH$70,26,0) | E61: Yên/tháng (Bao gồm tiền ăn).
A62: - Điều kiện/chi phí ăn/ ở: Người lao động được Công ty sử dụng lao động/ Bên nước ngoài tiếp nhận lao động cung cấp (miễn phí hoặc có phí) chỗ ở và được cung cấp (miễn phí hoặc có phí)…. Bữa ăn hoặc các thiết bị (điện, gas,…), dụng cụ nấu ăn cần thiết để tự nấu ăn.
A63: 2.8. Thời gian làm việc, nghỉ ngơi:
A64: - Thời gian làm việc: 08 giờ/ngày, 5 ngày/tuần theo quy định của pháp luật Nhật Bản. Ngoài thời gian này được tính là thời gian làm thêm giờ.
A65: - Người lao động được nghỉ các ngày lễ, Tết theo quy định của Luật pháp Nhật Bản, đó là các ngày: (Ngày đầu năm mới: 1/1; ngày Quốc Khánh: 11/2; ngày xuân phân: 20/3; ngày Chiêu Hòa: 29/4; ngày kỷ niệm Hiến pháp: 3/5; ngày cây xanh: 4/5; ngày thiếu nhi: 5/5; ngày của biển; ngày của núi: 11/8; ngày kính lão; ngày thu phân: 23/9; ngày thể dục thể thao; ngày văn hóa: 3/11; ngày tạ ơn người lao động: 23/11; ngày sinh nhật của Thiên hoàng, ...).
A66: - Ngoài ra, người lao động được 10 ngày phép có hưởng lương hàng năm theo quy định của Pháp luật Nhật Bản.
A67: 2.9. Tiền lương, tiền làm thêm giờ, tiền thưởng và các khoản người lao động phải nộp (nếu có):
A68: - Tiền lương, tiền làm thêm giờ, tiền thưởng/phụ cấp:
A69: + Tiền lương: | B69: =VLOOKUP($L$2,'DANH SÁCH'!$B$8:$AH$70,27,0) | D69: Yên/tháng
A70: + Tiền làm thêm giờ: Theo quy định luật pháp Nhật Bản, tùy thuộc vào công việc
A71: + Các khoản tiền thưởng/phụ cấp (chuyên cần, hỗ trợ ăn, ở, ca kíp,……): Theo quy định xí nghiệp tiếp nhận Nhật Bản.
A72: + Ngày trả lương: ngày 25 hàng tháng
A73: + Hình thức trả lương: chuyển khoản ngân hàng
A74: - Các khoản người lao động phải nộp theo quy định của pháp luật nước tiếp nhận lao động:
A75: + Thuế: | B75: =VLOOKUP($L$2,'DANH SÁCH'!$B$8:$AH$70,28,0) | D75: Yên
A76: + Bảo hiểm xã hội, bảo hiểm việc làm: | E76: =VLOOKUP($L$2,'DANH SÁCH'!$B$8:$AH$70,29,0) | F76: Yên
A77: + Tiền thuê nhà: | B77: =VLOOKUP($L$2,'DANH SÁCH'!$B$8:$AH$70,30,0) | D77: Yên
A78: 2.10. Điều kiện ăn, ở, sinh hoạt:
A79: Được người sử dụng lao động/Bên nước ngoài tiếp nhận lao động cung cấp (miễn phí hoặc có phí) chỗ ở và được cung cấp (miễn phí hoặc có phí)…. bữa ăn hoặc các thiết bị (điện, gas,...), dụng cụ nấu ăn cần thiết để tự nấu ăn.
A80: 2.11. Bảo hiểm:
A81: Được tham gia và hưởng chế độ bảo hiểm:
A82: - Bảo hiểm xã hội
A83: - Bảo hiểm y tế
A84: - Bảo hiểm tai nạn lao động, bệnh nghề nghiệp
A85: - Bảo hiểm khác (nếu có)
A86: 2.12. An toàn, vệ sinh lao động:
A87: Được cung cấp miễn phí trang thiết bị bảo hộ lao động theo từng vị trí việc làm và đảm bảo an toàn, vệ sinh lao động theo pháp luật nước tiếp nhận lao động và quy chế của người sử dụng lao động.
A88: 2.13. Chi phí đi lại:
A89: - Chi phí đi lại từ Việt Nam đến nơi làm việc tại nước tiếp nhận do Nghiệp đoàn Nhật Bản chi trả;
... A148: Hợp đồng này được lập thành 02 bản bằng tiếng Việt, có giá trị như nhau, mỗi Bên giữ 01 bản để theo dõi và thực hiện. Hai bên: Bên đưa đi – CÔNG TY TNHH ĐÀO TẠO VÀ CUNG ỨNG NHÂN LỰC NHẬT TÂN (NHATTAN MANPOWER) và Người lao động đã đọc kỹ, hiểu rõ các điều khoản trên đây, nhất trí ký tên.
A150: Người đại diện theo pháp luật của Bên đưa đi | H150: Người lao động
A151: (Ký tên, đóng dấu và ghi rõ họ tên) | H151: ( Ký tên và ghi rõ họ tên )
A159: NGUYỄN KHẮC QUANG HUY
